<?xml version="1.0" encoding="UTF-8"?>
<mule xmlns="http://www.mulesoft.org/schema/mule/core" 
	xmlns:xsi="http://www.w3.org/2001/XMLSchema-instance"
	xmlns:vm="http://www.mulesoft.org/schema/mule/vm"
	xmlns:script="http://www.mulesoft.org/schema/mule/scripting"
	xmlns:mule-xml="http://www.mulesoft.org/schema/mule/xml" 
	xmlns:sfdc="http://www.mulesoft.org/schema/mule/sfdc"
	xsi:schemaLocation="
        http://www.mulesoft.org/schema/mule/core http://www.mulesoft.org/schema/mule/core/current/mule.xsd
        http://www.mulesoft.org/schema/mule/vm http://www.mulesoft.org/schema/mule/vm/current/mule-vm.xsd
        http://www.mulesoft.org/schema/mule/scripting http://www.mulesoft.org/schema/mule/scripting/current/mule-scripting.xsd
        http://www.mulesoft.org/schema/mule/xml http://www.mulesoft.org/schema/mule/xml/current/mule-xml.xsd
        http://www.mulesoft.org/schema/mule/sfdc http://www.mulesoft.org/schema/mule/sfdc/current/mule-sfdc.xsd">

	<description>
		Tool generated config
	</description>


<!-- Config for User # 20001 -->
	<sfdc:config name="config-user20001" username="testuser20001@mulesoft.test"
                 password="demo2" securityToken="mule!" />

	<!-- 1 -->
    <flow name="topicAllAccountsFlow20001">
        <sfdc:subscribe-topic config-ref="config-user20001" topic="/AllAccounts"/>
		<message-properties-transformer scope="outbound">
			<add-message-property key="receivedtime" value="#[function:now]" />
			<add-message-property key="sfdcuser" value="testuser20001@mulesoft.test" />
			<add-message-property key="objecttype" value="account" />
			<add-message-property key="topic" value="allaccounts" />
		</message-properties-transformer>
		<vm:outbound-endpoint path="insertsobjecttestrecord.in" exchange-pattern="one-way" />
    </flow>
    

<!-- Config for User # 20002 -->
	<sfdc:config name="config-user20002" username="testuser20002@mulesoft.test"
                 password="demo2" securityToken="mule!" />

	<!-- 1 -->
    <flow name="topicAllAccountsFlow20002">
        <sfdc:subscribe-topic config-ref="config-user20002" topic="/AllAccounts"/>
		<message-properties-transformer scope="outbound">
			<add-message-property key="receivedtime" value="#[function:now]" />
			<add-message-property key="sfdcuser" value="testuser20002@mulesoft.test" />
			<add-message-property key="objecttype" value="account" />
			<add-message-property key="topic" value="allaccounts" />
		</message-properties-transformer>
		<vm:outbound-endpoint path="insertsobjecttestrecord.in" exchange-pattern="one-way" />
    </flow>
    

<!-- Config for User # 20003 -->
	<sfdc:config name="config-user20003" username="testuser20003@mulesoft.test"
                 password="demo2" securityToken="mule!" />

	<!-- 1 -->
    <flow name="topicAllAccountsFlow20003">
        <sfdc:subscribe-topic config-ref="config-user20003" topic="/AllAccounts"/>
		<message-properties-transformer scope="outbound">
			<add-message-property key="receivedtime" value="#[function:now]" />
			<add-message-property key="sfdcuser" value="testuser20003@mulesoft.test" />
			<add-message-property key="objecttype" value="account" />
			<add-message-property key="topic" value="allaccounts" />
		</message-properties-transformer>
		<vm:outbound-endpoint path="insertsobjecttestrecord.in" exchange-pattern="one-way" />
    </flow>
    

<!-- Config for User # 20004 -->
	<sfdc:config name="config-user20004" username="testuser20004@mulesoft.test"
                 password="demo2" securityToken="mule!" />

	<!-- 1 -->
    <flow name="topicAllAccountsFlow20004">
        <sfdc:subscribe-topic config-ref="config-user20004" topic="/AllAccounts"/>
		<message-properties-transformer scope="outbound">
			<add-message-property key="receivedtime" value="#[function:now]" />
			<add-message-property key="sfdcuser" value="testuser20004@mulesoft.test" />
			<add-message-property key="objecttype" value="account" />
			<add-message-property key="topic" value="allaccounts" />
		</message-properties-transformer>
		<vm:outbound-endpoint path="insertsobjecttestrecord.in" exchange-pattern="one-way" />
    </flow>
    

<!-- Config for User # 20005 -->
	<sfdc:config name="config-user20005" username="testuser20005@mulesoft.test"
                 password="demo2" securityToken="mule!" />

	<!-- 1 -->
    <flow name="topicAllAccountsFlow20005">
        <sfdc:subscribe-topic config-ref="config-user20005" topic="/AllAccounts"/>
		<message-properties-transformer scope="outbound">
			<add-message-property key="receivedtime" value="#[function:now]" />
			<add-message-property key="sfdcuser" value="testuser20005@mulesoft.test" />
			<add-message-property key="objecttype" value="account" />
			<add-message-property key="topic" value="allaccounts" />
		</message-properties-transformer>
		<vm:outbound-endpoint path="insertsobjecttestrecord.in" exchange-pattern="one-way" />
    </flow>
    

	
</mule>
