<?xml version="1.0" encoding="UTF-8"?>
<mule xmlns="http://www.mulesoft.org/schema/mule/core" 
	xmlns:xsi="http://www.w3.org/2001/XMLSchema-instance"
	xmlns:vm="http://www.mulesoft.org/schema/mule/vm"
	xmlns:script="http://www.mulesoft.org/schema/mule/scripting"
	xmlns:mule-xml="http://www.mulesoft.org/schema/mule/xml" 
	xmlns:sfdc="http://www.mulesoft.org/schema/mule/sfdc"
	xmlns:jdbc="http://www.mulesoft.org/schema/mule/ee/jdbc"
	xsi:schemaLocation="
        http://www.mulesoft.org/schema/mule/core http://www.mulesoft.org/schema/mule/core/current/mule.xsd
        http://www.mulesoft.org/schema/mule/vm http://www.mulesoft.org/schema/mule/vm/current/mule-vm.xsd
        http://www.mulesoft.org/schema/mule/scripting http://www.mulesoft.org/schema/mule/scripting/current/mule-scripting.xsd
        http://www.mulesoft.org/schema/mule/xml http://www.mulesoft.org/schema/mule/xml/current/mule-xml.xsd
        http://www.mulesoft.org/schema/mule/ee/jdbc http://www.mulesoft.org/schema/mule/ee/jdbc/current/mule-jdbc-ee.xsd
        http://www.mulesoft.org/schema/mule/sfdc http://www.mulesoft.org/schema/mule/sfdc/current/mule-sfdc.xsd">

	<description>
		Tool generated config
	</description>


<!-- Config for User # 1 -->
	<sfdc:config name="config-user1" username="testuser1@mulesoft.test"
                 password="demo2" securityToken="mule!" />

	<!-- 1 -->
    <flow name="topicAllAccountsFlow1">
        <sfdc:subscribe-topic config-ref="config-user1" topic="/AllAccounts"/>
		<message-properties-transformer scope="outbound">
			<add-message-property key="receivedtime" value="#[function:now]" />
			<add-message-property key="sfdcuser" value="testuser1@mulesoft.test" />
			<add-message-property key="objecttype" value="account" />
			<add-message-property key="topic" value="allaccounts" />
		</message-properties-transformer>
		<vm:outbound-endpoint path="insertsobjecttestrecord.in" exchange-pattern="one-way" />
    </flow>
    

	
</mule>
