<?xml version="1.0" encoding="UTF-8"?>
<mule xmlns="http://www.mulesoft.org/schema/mule/core" 
	xmlns:xsi="http://www.w3.org/2001/XMLSchema-instance"
	xmlns:vm="http://www.mulesoft.org/schema/mule/vm"
	xmlns:script="http://www.mulesoft.org/schema/mule/scripting"
	xmlns:mule-xml="http://www.mulesoft.org/schema/mule/xml" 
	xmlns:sfdc="http://www.mulesoft.org/schema/mule/sfdc"
	xsi:schemaLocation="
        http://www.mulesoft.org/schema/mule/core http://www.mulesoft.org/schema/mule/core/current/mule.xsd
        http://www.mulesoft.org/schema/mule/vm http://www.mulesoft.org/schema/mule/vm/current/mule-vm.xsd
        http://www.mulesoft.org/schema/mule/scripting http://www.mulesoft.org/schema/mule/scripting/current/mule-scripting.xsd
        http://www.mulesoft.org/schema/mule/xml http://www.mulesoft.org/schema/mule/xml/current/mule-xml.xsd
        http://www.mulesoft.org/schema/mule/sfdc http://www.mulesoft.org/schema/mule/sfdc/current/mule-sfdc.xsd">

	<description>
		Tool generated config
	</description>


<!-- Config for User # 10001 -->
	<sfdc:config name="config-user10001" username="testuser10001@mulesoft.test"
                 password="demo2" securityToken="mule!" />

	<!-- 1 -->
    <flow name="topicAllAccountsFlow10001">
        <sfdc:subscribe-topic config-ref="config-user10001" topic="/AllAccounts"/>
		<message-properties-transformer scope="outbound">
			<add-message-property key="receivedtime" value="#[function:now]" />
			<add-message-property key="sfdcuser" value="testuser10001@mulesoft.test" />
			<add-message-property key="objecttype" value="account" />
			<add-message-property key="topic" value="allaccounts" />
		</message-properties-transformer>
		<vm:outbound-endpoint path="insertsobjecttestrecord.in" exchange-pattern="one-way" />
    </flow>
    

<!-- Config for User # 10002 -->
	<sfdc:config name="config-user10002" username="testuser10002@mulesoft.test"
                 password="demo2" securityToken="mule!" />

	<!-- 1 -->
    <flow name="topicAllAccountsFlow10002">
        <sfdc:subscribe-topic config-ref="config-user10002" topic="/AllAccounts"/>
		<message-properties-transformer scope="outbound">
			<add-message-property key="receivedtime" value="#[function:now]" />
			<add-message-property key="sfdcuser" value="testuser10002@mulesoft.test" />
			<add-message-property key="objecttype" value="account" />
			<add-message-property key="topic" value="allaccounts" />
		</message-properties-transformer>
		<vm:outbound-endpoint path="insertsobjecttestrecord.in" exchange-pattern="one-way" />
    </flow>
    

<!-- Config for User # 10003 -->
	<sfdc:config name="config-user10003" username="testuser10003@mulesoft.test"
                 password="demo2" securityToken="mule!" />

	<!-- 1 -->
    <flow name="topicAllAccountsFlow10003">
        <sfdc:subscribe-topic config-ref="config-user10003" topic="/AllAccounts"/>
		<message-properties-transformer scope="outbound">
			<add-message-property key="receivedtime" value="#[function:now]" />
			<add-message-property key="sfdcuser" value="testuser10003@mulesoft.test" />
			<add-message-property key="objecttype" value="account" />
			<add-message-property key="topic" value="allaccounts" />
		</message-properties-transformer>
		<vm:outbound-endpoint path="insertsobjecttestrecord.in" exchange-pattern="one-way" />
    </flow>
    

<!-- Config for User # 10004 -->
	<sfdc:config name="config-user10004" username="testuser10004@mulesoft.test"
                 password="demo2" securityToken="mule!" />

	<!-- 1 -->
    <flow name="topicAllAccountsFlow10004">
        <sfdc:subscribe-topic config-ref="config-user10004" topic="/AllAccounts"/>
		<message-properties-transformer scope="outbound">
			<add-message-property key="receivedtime" value="#[function:now]" />
			<add-message-property key="sfdcuser" value="testuser10004@mulesoft.test" />
			<add-message-property key="objecttype" value="account" />
			<add-message-property key="topic" value="allaccounts" />
		</message-properties-transformer>
		<vm:outbound-endpoint path="insertsobjecttestrecord.in" exchange-pattern="one-way" />
    </flow>
    

<!-- Config for User # 10005 -->
	<sfdc:config name="config-user10005" username="testuser10005@mulesoft.test"
                 password="demo2" securityToken="mule!" />

	<!-- 1 -->
    <flow name="topicAllAccountsFlow10005">
        <sfdc:subscribe-topic config-ref="config-user10005" topic="/AllAccounts"/>
		<message-properties-transformer scope="outbound">
			<add-message-property key="receivedtime" value="#[function:now]" />
			<add-message-property key="sfdcuser" value="testuser10005@mulesoft.test" />
			<add-message-property key="objecttype" value="account" />
			<add-message-property key="topic" value="allaccounts" />
		</message-properties-transformer>
		<vm:outbound-endpoint path="insertsobjecttestrecord.in" exchange-pattern="one-way" />
    </flow>
    

<!-- Config for User # 10006 -->
	<sfdc:config name="config-user10006" username="testuser10006@mulesoft.test"
                 password="demo2" securityToken="mule!" />

	<!-- 1 -->
    <flow name="topicAllAccountsFlow10006">
        <sfdc:subscribe-topic config-ref="config-user10006" topic="/AllAccounts"/>
		<message-properties-transformer scope="outbound">
			<add-message-property key="receivedtime" value="#[function:now]" />
			<add-message-property key="sfdcuser" value="testuser10006@mulesoft.test" />
			<add-message-property key="objecttype" value="account" />
			<add-message-property key="topic" value="allaccounts" />
		</message-properties-transformer>
		<vm:outbound-endpoint path="insertsobjecttestrecord.in" exchange-pattern="one-way" />
    </flow>
    

<!-- Config for User # 10007 -->
	<sfdc:config name="config-user10007" username="testuser10007@mulesoft.test"
                 password="demo2" securityToken="mule!" />

	<!-- 1 -->
    <flow name="topicAllAccountsFlow10007">
        <sfdc:subscribe-topic config-ref="config-user10007" topic="/AllAccounts"/>
		<message-properties-transformer scope="outbound">
			<add-message-property key="receivedtime" value="#[function:now]" />
			<add-message-property key="sfdcuser" value="testuser10007@mulesoft.test" />
			<add-message-property key="objecttype" value="account" />
			<add-message-property key="topic" value="allaccounts" />
		</message-properties-transformer>
		<vm:outbound-endpoint path="insertsobjecttestrecord.in" exchange-pattern="one-way" />
    </flow>
    

<!-- Config for User # 10008 -->
	<sfdc:config name="config-user10008" username="testuser10008@mulesoft.test"
                 password="demo2" securityToken="mule!" />

	<!-- 1 -->
    <flow name="topicAllAccountsFlow10008">
        <sfdc:subscribe-topic config-ref="config-user10008" topic="/AllAccounts"/>
		<message-properties-transformer scope="outbound">
			<add-message-property key="receivedtime" value="#[function:now]" />
			<add-message-property key="sfdcuser" value="testuser10008@mulesoft.test" />
			<add-message-property key="objecttype" value="account" />
			<add-message-property key="topic" value="allaccounts" />
		</message-properties-transformer>
		<vm:outbound-endpoint path="insertsobjecttestrecord.in" exchange-pattern="one-way" />
    </flow>
    

<!-- Config for User # 10009 -->
	<sfdc:config name="config-user10009" username="testuser10009@mulesoft.test"
                 password="demo2" securityToken="mule!" />

	<!-- 1 -->
    <flow name="topicAllAccountsFlow10009">
        <sfdc:subscribe-topic config-ref="config-user10009" topic="/AllAccounts"/>
		<message-properties-transformer scope="outbound">
			<add-message-property key="receivedtime" value="#[function:now]" />
			<add-message-property key="sfdcuser" value="testuser10009@mulesoft.test" />
			<add-message-property key="objecttype" value="account" />
			<add-message-property key="topic" value="allaccounts" />
		</message-properties-transformer>
		<vm:outbound-endpoint path="insertsobjecttestrecord.in" exchange-pattern="one-way" />
    </flow>
    

<!-- Config for User # 10010 -->
	<sfdc:config name="config-user10010" username="testuser10010@mulesoft.test"
                 password="demo2" securityToken="mule!" />

	<!-- 1 -->
    <flow name="topicAllAccountsFlow10010">
        <sfdc:subscribe-topic config-ref="config-user10010" topic="/AllAccounts"/>
		<message-properties-transformer scope="outbound">
			<add-message-property key="receivedtime" value="#[function:now]" />
			<add-message-property key="sfdcuser" value="testuser10010@mulesoft.test" />
			<add-message-property key="objecttype" value="account" />
			<add-message-property key="topic" value="allaccounts" />
		</message-properties-transformer>
		<vm:outbound-endpoint path="insertsobjecttestrecord.in" exchange-pattern="one-way" />
    </flow>
    

	
</mule>
