<?xml version="1.0" encoding="UTF-8"?>
<mule xmlns="http://www.mulesoft.org/schema/mule/core" 
	xmlns:xsi="http://www.w3.org/2001/XMLSchema-instance"
	xmlns:vm="http://www.mulesoft.org/schema/mule/vm"
	xmlns:script="http://www.mulesoft.org/schema/mule/scripting"
	xmlns:mule-xml="http://www.mulesoft.org/schema/mule/xml" 
	xmlns:sfdc="http://www.mulesoft.org/schema/mule/sfdc"
	xsi:schemaLocation="
        http://www.mulesoft.org/schema/mule/core http://www.mulesoft.org/schema/mule/core/current/mule.xsd
        http://www.mulesoft.org/schema/mule/vm http://www.mulesoft.org/schema/mule/vm/current/mule-vm.xsd
        http://www.mulesoft.org/schema/mule/scripting http://www.mulesoft.org/schema/mule/scripting/current/mule-scripting.xsd
        http://www.mulesoft.org/schema/mule/xml http://www.mulesoft.org/schema/mule/xml/current/mule-xml.xsd
        http://www.mulesoft.org/schema/mule/sfdc http://www.mulesoft.org/schema/mule/sfdc/current/mule-sfdc.xsd">

	<description>
		Tool generated config
	</description>


<!-- Config for User # 1 -->
	<sfdc:config name="config-user1" username="testuser1@mulesoft.test"
                 password="demo2" securityToken="mule!" />

	<!-- 1 -->
    <flow name="topicAllAccountsFlow1">
        <sfdc:subscribe-topic config-ref="config-user1" topic="/AllAccounts"/>
		<message-properties-transformer scope="outbound">
			<add-message-property key="receivedtime" value="#[function:now]" />
			<add-message-property key="sfdcuser" value="testuser1@mulesoft.test" />
			<add-message-property key="objecttype" value="account" />
			<add-message-property key="topic" value="allaccounts" />
		</message-properties-transformer>
		<vm:outbound-endpoint path="insertsobjecttestrecord.in" exchange-pattern="one-way" />
    </flow>
    

<!-- Config for User # 2 -->
	<sfdc:config name="config-user2" username="testuser2@mulesoft.test"
                 password="demo2" securityToken="mule!" />

	<!-- 1 -->
    <flow name="topicAllAccountsFlow2">
        <sfdc:subscribe-topic config-ref="config-user2" topic="/AllAccounts"/>
		<message-properties-transformer scope="outbound">
			<add-message-property key="receivedtime" value="#[function:now]" />
			<add-message-property key="sfdcuser" value="testuser2@mulesoft.test" />
			<add-message-property key="objecttype" value="account" />
			<add-message-property key="topic" value="allaccounts" />
		</message-properties-transformer>
		<vm:outbound-endpoint path="insertsobjecttestrecord.in" exchange-pattern="one-way" />
    </flow>
    

<!-- Config for User # 3 -->
	<sfdc:config name="config-user3" username="testuser3@mulesoft.test"
                 password="demo2" securityToken="mule!" />

	<!-- 1 -->
    <flow name="topicAllAccountsFlow3">
        <sfdc:subscribe-topic config-ref="config-user3" topic="/AllAccounts"/>
		<message-properties-transformer scope="outbound">
			<add-message-property key="receivedtime" value="#[function:now]" />
			<add-message-property key="sfdcuser" value="testuser3@mulesoft.test" />
			<add-message-property key="objecttype" value="account" />
			<add-message-property key="topic" value="allaccounts" />
		</message-properties-transformer>
		<vm:outbound-endpoint path="insertsobjecttestrecord.in" exchange-pattern="one-way" />
    </flow>
    

<!-- Config for User # 4 -->
	<sfdc:config name="config-user4" username="testuser4@mulesoft.test"
                 password="demo2" securityToken="mule!" />

	<!-- 1 -->
    <flow name="topicAllAccountsFlow4">
        <sfdc:subscribe-topic config-ref="config-user4" topic="/AllAccounts"/>
		<message-properties-transformer scope="outbound">
			<add-message-property key="receivedtime" value="#[function:now]" />
			<add-message-property key="sfdcuser" value="testuser4@mulesoft.test" />
			<add-message-property key="objecttype" value="account" />
			<add-message-property key="topic" value="allaccounts" />
		</message-properties-transformer>
		<vm:outbound-endpoint path="insertsobjecttestrecord.in" exchange-pattern="one-way" />
    </flow>
    

<!-- Config for User # 5 -->
	<sfdc:config name="config-user5" username="testuser5@mulesoft.test"
                 password="demo2" securityToken="mule!" />

	<!-- 1 -->
    <flow name="topicAllAccountsFlow5">
        <sfdc:subscribe-topic config-ref="config-user5" topic="/AllAccounts"/>
		<message-properties-transformer scope="outbound">
			<add-message-property key="receivedtime" value="#[function:now]" />
			<add-message-property key="sfdcuser" value="testuser5@mulesoft.test" />
			<add-message-property key="objecttype" value="account" />
			<add-message-property key="topic" value="allaccounts" />
		</message-properties-transformer>
		<vm:outbound-endpoint path="insertsobjecttestrecord.in" exchange-pattern="one-way" />
    </flow>
    

<!-- Config for User # 6 -->
	<sfdc:config name="config-user6" username="testuser6@mulesoft.test"
                 password="demo2" securityToken="mule!" />

	<!-- 1 -->
    <flow name="topicAllAccountsFlow6">
        <sfdc:subscribe-topic config-ref="config-user6" topic="/AllAccounts"/>
		<message-properties-transformer scope="outbound">
			<add-message-property key="receivedtime" value="#[function:now]" />
			<add-message-property key="sfdcuser" value="testuser6@mulesoft.test" />
			<add-message-property key="objecttype" value="account" />
			<add-message-property key="topic" value="allaccounts" />
		</message-properties-transformer>
		<vm:outbound-endpoint path="insertsobjecttestrecord.in" exchange-pattern="one-way" />
    </flow>
    

<!-- Config for User # 7 -->
	<sfdc:config name="config-user7" username="testuser7@mulesoft.test"
                 password="demo2" securityToken="mule!" />

	<!-- 1 -->
    <flow name="topicAllAccountsFlow7">
        <sfdc:subscribe-topic config-ref="config-user7" topic="/AllAccounts"/>
		<message-properties-transformer scope="outbound">
			<add-message-property key="receivedtime" value="#[function:now]" />
			<add-message-property key="sfdcuser" value="testuser7@mulesoft.test" />
			<add-message-property key="objecttype" value="account" />
			<add-message-property key="topic" value="allaccounts" />
		</message-properties-transformer>
		<vm:outbound-endpoint path="insertsobjecttestrecord.in" exchange-pattern="one-way" />
    </flow>
    

<!-- Config for User # 8 -->
	<sfdc:config name="config-user8" username="testuser8@mulesoft.test"
                 password="demo2" securityToken="mule!" />

	<!-- 1 -->
    <flow name="topicAllAccountsFlow8">
        <sfdc:subscribe-topic config-ref="config-user8" topic="/AllAccounts"/>
		<message-properties-transformer scope="outbound">
			<add-message-property key="receivedtime" value="#[function:now]" />
			<add-message-property key="sfdcuser" value="testuser8@mulesoft.test" />
			<add-message-property key="objecttype" value="account" />
			<add-message-property key="topic" value="allaccounts" />
		</message-properties-transformer>
		<vm:outbound-endpoint path="insertsobjecttestrecord.in" exchange-pattern="one-way" />
    </flow>
    

<!-- Config for User # 9 -->
	<sfdc:config name="config-user9" username="testuser9@mulesoft.test"
                 password="demo2" securityToken="mule!" />

	<!-- 1 -->
    <flow name="topicAllAccountsFlow9">
        <sfdc:subscribe-topic config-ref="config-user9" topic="/AllAccounts"/>
		<message-properties-transformer scope="outbound">
			<add-message-property key="receivedtime" value="#[function:now]" />
			<add-message-property key="sfdcuser" value="testuser9@mulesoft.test" />
			<add-message-property key="objecttype" value="account" />
			<add-message-property key="topic" value="allaccounts" />
		</message-properties-transformer>
		<vm:outbound-endpoint path="insertsobjecttestrecord.in" exchange-pattern="one-way" />
    </flow>
    

<!-- Config for User # 10 -->
	<sfdc:config name="config-user10" username="testuser10@mulesoft.test"
                 password="demo2" securityToken="mule!" />

	<!-- 1 -->
    <flow name="topicAllAccountsFlow10">
        <sfdc:subscribe-topic config-ref="config-user10" topic="/AllAccounts"/>
		<message-properties-transformer scope="outbound">
			<add-message-property key="receivedtime" value="#[function:now]" />
			<add-message-property key="sfdcuser" value="testuser10@mulesoft.test" />
			<add-message-property key="objecttype" value="account" />
			<add-message-property key="topic" value="allaccounts" />
		</message-properties-transformer>
		<vm:outbound-endpoint path="insertsobjecttestrecord.in" exchange-pattern="one-way" />
    </flow>
    

<!-- Config for User # 11 -->
	<sfdc:config name="config-user11" username="testuser11@mulesoft.test"
                 password="demo2" securityToken="mule!" />

	<!-- 1 -->
    <flow name="topicAllAccountsFlow11">
        <sfdc:subscribe-topic config-ref="config-user11" topic="/AllAccounts"/>
		<message-properties-transformer scope="outbound">
			<add-message-property key="receivedtime" value="#[function:now]" />
			<add-message-property key="sfdcuser" value="testuser11@mulesoft.test" />
			<add-message-property key="objecttype" value="account" />
			<add-message-property key="topic" value="allaccounts" />
		</message-properties-transformer>
		<vm:outbound-endpoint path="insertsobjecttestrecord.in" exchange-pattern="one-way" />
    </flow>
    

<!-- Config for User # 12 -->
	<sfdc:config name="config-user12" username="testuser12@mulesoft.test"
                 password="demo2" securityToken="mule!" />

	<!-- 1 -->
    <flow name="topicAllAccountsFlow12">
        <sfdc:subscribe-topic config-ref="config-user12" topic="/AllAccounts"/>
		<message-properties-transformer scope="outbound">
			<add-message-property key="receivedtime" value="#[function:now]" />
			<add-message-property key="sfdcuser" value="testuser12@mulesoft.test" />
			<add-message-property key="objecttype" value="account" />
			<add-message-property key="topic" value="allaccounts" />
		</message-properties-transformer>
		<vm:outbound-endpoint path="insertsobjecttestrecord.in" exchange-pattern="one-way" />
    </flow>
    

<!-- Config for User # 13 -->
	<sfdc:config name="config-user13" username="testuser13@mulesoft.test"
                 password="demo2" securityToken="mule!" />

	<!-- 1 -->
    <flow name="topicAllAccountsFlow13">
        <sfdc:subscribe-topic config-ref="config-user13" topic="/AllAccounts"/>
		<message-properties-transformer scope="outbound">
			<add-message-property key="receivedtime" value="#[function:now]" />
			<add-message-property key="sfdcuser" value="testuser13@mulesoft.test" />
			<add-message-property key="objecttype" value="account" />
			<add-message-property key="topic" value="allaccounts" />
		</message-properties-transformer>
		<vm:outbound-endpoint path="insertsobjecttestrecord.in" exchange-pattern="one-way" />
    </flow>
    

<!-- Config for User # 14 -->
	<sfdc:config name="config-user14" username="testuser14@mulesoft.test"
                 password="demo2" securityToken="mule!" />

	<!-- 1 -->
    <flow name="topicAllAccountsFlow14">
        <sfdc:subscribe-topic config-ref="config-user14" topic="/AllAccounts"/>
		<message-properties-transformer scope="outbound">
			<add-message-property key="receivedtime" value="#[function:now]" />
			<add-message-property key="sfdcuser" value="testuser14@mulesoft.test" />
			<add-message-property key="objecttype" value="account" />
			<add-message-property key="topic" value="allaccounts" />
		</message-properties-transformer>
		<vm:outbound-endpoint path="insertsobjecttestrecord.in" exchange-pattern="one-way" />
    </flow>
    

<!-- Config for User # 15 -->
	<sfdc:config name="config-user15" username="testuser15@mulesoft.test"
                 password="demo2" securityToken="mule!" />

	<!-- 1 -->
    <flow name="topicAllAccountsFlow15">
        <sfdc:subscribe-topic config-ref="config-user15" topic="/AllAccounts"/>
		<message-properties-transformer scope="outbound">
			<add-message-property key="receivedtime" value="#[function:now]" />
			<add-message-property key="sfdcuser" value="testuser15@mulesoft.test" />
			<add-message-property key="objecttype" value="account" />
			<add-message-property key="topic" value="allaccounts" />
		</message-properties-transformer>
		<vm:outbound-endpoint path="insertsobjecttestrecord.in" exchange-pattern="one-way" />
    </flow>
    

<!-- Config for User # 16 -->
	<sfdc:config name="config-user16" username="testuser16@mulesoft.test"
                 password="demo2" securityToken="mule!" />

	<!-- 1 -->
    <flow name="topicAllAccountsFlow16">
        <sfdc:subscribe-topic config-ref="config-user16" topic="/AllAccounts"/>
		<message-properties-transformer scope="outbound">
			<add-message-property key="receivedtime" value="#[function:now]" />
			<add-message-property key="sfdcuser" value="testuser16@mulesoft.test" />
			<add-message-property key="objecttype" value="account" />
			<add-message-property key="topic" value="allaccounts" />
		</message-properties-transformer>
		<vm:outbound-endpoint path="insertsobjecttestrecord.in" exchange-pattern="one-way" />
    </flow>
    

<!-- Config for User # 17 -->
	<sfdc:config name="config-user17" username="testuser17@mulesoft.test"
                 password="demo2" securityToken="mule!" />

	<!-- 1 -->
    <flow name="topicAllAccountsFlow17">
        <sfdc:subscribe-topic config-ref="config-user17" topic="/AllAccounts"/>
		<message-properties-transformer scope="outbound">
			<add-message-property key="receivedtime" value="#[function:now]" />
			<add-message-property key="sfdcuser" value="testuser17@mulesoft.test" />
			<add-message-property key="objecttype" value="account" />
			<add-message-property key="topic" value="allaccounts" />
		</message-properties-transformer>
		<vm:outbound-endpoint path="insertsobjecttestrecord.in" exchange-pattern="one-way" />
    </flow>
    

<!-- Config for User # 18 -->
	<sfdc:config name="config-user18" username="testuser18@mulesoft.test"
                 password="demo2" securityToken="mule!" />

	<!-- 1 -->
    <flow name="topicAllAccountsFlow18">
        <sfdc:subscribe-topic config-ref="config-user18" topic="/AllAccounts"/>
		<message-properties-transformer scope="outbound">
			<add-message-property key="receivedtime" value="#[function:now]" />
			<add-message-property key="sfdcuser" value="testuser18@mulesoft.test" />
			<add-message-property key="objecttype" value="account" />
			<add-message-property key="topic" value="allaccounts" />
		</message-properties-transformer>
		<vm:outbound-endpoint path="insertsobjecttestrecord.in" exchange-pattern="one-way" />
    </flow>
    

<!-- Config for User # 19 -->
	<sfdc:config name="config-user19" username="testuser19@mulesoft.test"
                 password="demo2" securityToken="mule!" />

	<!-- 1 -->
    <flow name="topicAllAccountsFlow19">
        <sfdc:subscribe-topic config-ref="config-user19" topic="/AllAccounts"/>
		<message-properties-transformer scope="outbound">
			<add-message-property key="receivedtime" value="#[function:now]" />
			<add-message-property key="sfdcuser" value="testuser19@mulesoft.test" />
			<add-message-property key="objecttype" value="account" />
			<add-message-property key="topic" value="allaccounts" />
		</message-properties-transformer>
		<vm:outbound-endpoint path="insertsobjecttestrecord.in" exchange-pattern="one-way" />
    </flow>
    

<!-- Config for User # 20 -->
	<sfdc:config name="config-user20" username="testuser20@mulesoft.test"
                 password="demo2" securityToken="mule!" />

	<!-- 1 -->
    <flow name="topicAllAccountsFlow20">
        <sfdc:subscribe-topic config-ref="config-user20" topic="/AllAccounts"/>
		<message-properties-transformer scope="outbound">
			<add-message-property key="receivedtime" value="#[function:now]" />
			<add-message-property key="sfdcuser" value="testuser20@mulesoft.test" />
			<add-message-property key="objecttype" value="account" />
			<add-message-property key="topic" value="allaccounts" />
		</message-properties-transformer>
		<vm:outbound-endpoint path="insertsobjecttestrecord.in" exchange-pattern="one-way" />
    </flow>
    

<!-- Config for User # 21 -->
	<sfdc:config name="config-user21" username="testuser21@mulesoft.test"
                 password="demo2" securityToken="mule!" />

	<!-- 1 -->
    <flow name="topicAllAccountsFlow21">
        <sfdc:subscribe-topic config-ref="config-user21" topic="/AllAccounts"/>
		<message-properties-transformer scope="outbound">
			<add-message-property key="receivedtime" value="#[function:now]" />
			<add-message-property key="sfdcuser" value="testuser21@mulesoft.test" />
			<add-message-property key="objecttype" value="account" />
			<add-message-property key="topic" value="allaccounts" />
		</message-properties-transformer>
		<vm:outbound-endpoint path="insertsobjecttestrecord.in" exchange-pattern="one-way" />
    </flow>
    

<!-- Config for User # 22 -->
	<sfdc:config name="config-user22" username="testuser22@mulesoft.test"
                 password="demo2" securityToken="mule!" />

	<!-- 1 -->
    <flow name="topicAllAccountsFlow22">
        <sfdc:subscribe-topic config-ref="config-user22" topic="/AllAccounts"/>
		<message-properties-transformer scope="outbound">
			<add-message-property key="receivedtime" value="#[function:now]" />
			<add-message-property key="sfdcuser" value="testuser22@mulesoft.test" />
			<add-message-property key="objecttype" value="account" />
			<add-message-property key="topic" value="allaccounts" />
		</message-properties-transformer>
		<vm:outbound-endpoint path="insertsobjecttestrecord.in" exchange-pattern="one-way" />
    </flow>
    

<!-- Config for User # 23 -->
	<sfdc:config name="config-user23" username="testuser23@mulesoft.test"
                 password="demo2" securityToken="mule!" />

	<!-- 1 -->
    <flow name="topicAllAccountsFlow23">
        <sfdc:subscribe-topic config-ref="config-user23" topic="/AllAccounts"/>
		<message-properties-transformer scope="outbound">
			<add-message-property key="receivedtime" value="#[function:now]" />
			<add-message-property key="sfdcuser" value="testuser23@mulesoft.test" />
			<add-message-property key="objecttype" value="account" />
			<add-message-property key="topic" value="allaccounts" />
		</message-properties-transformer>
		<vm:outbound-endpoint path="insertsobjecttestrecord.in" exchange-pattern="one-way" />
    </flow>
    

<!-- Config for User # 24 -->
	<sfdc:config name="config-user24" username="testuser24@mulesoft.test"
                 password="demo2" securityToken="mule!" />

	<!-- 1 -->
    <flow name="topicAllAccountsFlow24">
        <sfdc:subscribe-topic config-ref="config-user24" topic="/AllAccounts"/>
		<message-properties-transformer scope="outbound">
			<add-message-property key="receivedtime" value="#[function:now]" />
			<add-message-property key="sfdcuser" value="testuser24@mulesoft.test" />
			<add-message-property key="objecttype" value="account" />
			<add-message-property key="topic" value="allaccounts" />
		</message-properties-transformer>
		<vm:outbound-endpoint path="insertsobjecttestrecord.in" exchange-pattern="one-way" />
    </flow>
    

<!-- Config for User # 25 -->
	<sfdc:config name="config-user25" username="testuser25@mulesoft.test"
                 password="demo2" securityToken="mule!" />

	<!-- 1 -->
    <flow name="topicAllAccountsFlow25">
        <sfdc:subscribe-topic config-ref="config-user25" topic="/AllAccounts"/>
		<message-properties-transformer scope="outbound">
			<add-message-property key="receivedtime" value="#[function:now]" />
			<add-message-property key="sfdcuser" value="testuser25@mulesoft.test" />
			<add-message-property key="objecttype" value="account" />
			<add-message-property key="topic" value="allaccounts" />
		</message-properties-transformer>
		<vm:outbound-endpoint path="insertsobjecttestrecord.in" exchange-pattern="one-way" />
    </flow>
    

<!-- Config for User # 26 -->
	<sfdc:config name="config-user26" username="testuser26@mulesoft.test"
                 password="demo2" securityToken="mule!" />

	<!-- 1 -->
    <flow name="topicAllAccountsFlow26">
        <sfdc:subscribe-topic config-ref="config-user26" topic="/AllAccounts"/>
		<message-properties-transformer scope="outbound">
			<add-message-property key="receivedtime" value="#[function:now]" />
			<add-message-property key="sfdcuser" value="testuser26@mulesoft.test" />
			<add-message-property key="objecttype" value="account" />
			<add-message-property key="topic" value="allaccounts" />
		</message-properties-transformer>
		<vm:outbound-endpoint path="insertsobjecttestrecord.in" exchange-pattern="one-way" />
    </flow>
    

<!-- Config for User # 27 -->
	<sfdc:config name="config-user27" username="testuser27@mulesoft.test"
                 password="demo2" securityToken="mule!" />

	<!-- 1 -->
    <flow name="topicAllAccountsFlow27">
        <sfdc:subscribe-topic config-ref="config-user27" topic="/AllAccounts"/>
		<message-properties-transformer scope="outbound">
			<add-message-property key="receivedtime" value="#[function:now]" />
			<add-message-property key="sfdcuser" value="testuser27@mulesoft.test" />
			<add-message-property key="objecttype" value="account" />
			<add-message-property key="topic" value="allaccounts" />
		</message-properties-transformer>
		<vm:outbound-endpoint path="insertsobjecttestrecord.in" exchange-pattern="one-way" />
    </flow>
    

<!-- Config for User # 28 -->
	<sfdc:config name="config-user28" username="testuser28@mulesoft.test"
                 password="demo2" securityToken="mule!" />

	<!-- 1 -->
    <flow name="topicAllAccountsFlow28">
        <sfdc:subscribe-topic config-ref="config-user28" topic="/AllAccounts"/>
		<message-properties-transformer scope="outbound">
			<add-message-property key="receivedtime" value="#[function:now]" />
			<add-message-property key="sfdcuser" value="testuser28@mulesoft.test" />
			<add-message-property key="objecttype" value="account" />
			<add-message-property key="topic" value="allaccounts" />
		</message-properties-transformer>
		<vm:outbound-endpoint path="insertsobjecttestrecord.in" exchange-pattern="one-way" />
    </flow>
    

<!-- Config for User # 29 -->
	<sfdc:config name="config-user29" username="testuser29@mulesoft.test"
                 password="demo2" securityToken="mule!" />

	<!-- 1 -->
    <flow name="topicAllAccountsFlow29">
        <sfdc:subscribe-topic config-ref="config-user29" topic="/AllAccounts"/>
		<message-properties-transformer scope="outbound">
			<add-message-property key="receivedtime" value="#[function:now]" />
			<add-message-property key="sfdcuser" value="testuser29@mulesoft.test" />
			<add-message-property key="objecttype" value="account" />
			<add-message-property key="topic" value="allaccounts" />
		</message-properties-transformer>
		<vm:outbound-endpoint path="insertsobjecttestrecord.in" exchange-pattern="one-way" />
    </flow>
    

<!-- Config for User # 30 -->
	<sfdc:config name="config-user30" username="testuser30@mulesoft.test"
                 password="demo2" securityToken="mule!" />

	<!-- 1 -->
    <flow name="topicAllAccountsFlow30">
        <sfdc:subscribe-topic config-ref="config-user30" topic="/AllAccounts"/>
		<message-properties-transformer scope="outbound">
			<add-message-property key="receivedtime" value="#[function:now]" />
			<add-message-property key="sfdcuser" value="testuser30@mulesoft.test" />
			<add-message-property key="objecttype" value="account" />
			<add-message-property key="topic" value="allaccounts" />
		</message-properties-transformer>
		<vm:outbound-endpoint path="insertsobjecttestrecord.in" exchange-pattern="one-way" />
    </flow>
    

<!-- Config for User # 31 -->
	<sfdc:config name="config-user31" username="testuser31@mulesoft.test"
                 password="demo2" securityToken="mule!" />

	<!-- 1 -->
    <flow name="topicAllAccountsFlow31">
        <sfdc:subscribe-topic config-ref="config-user31" topic="/AllAccounts"/>
		<message-properties-transformer scope="outbound">
			<add-message-property key="receivedtime" value="#[function:now]" />
			<add-message-property key="sfdcuser" value="testuser31@mulesoft.test" />
			<add-message-property key="objecttype" value="account" />
			<add-message-property key="topic" value="allaccounts" />
		</message-properties-transformer>
		<vm:outbound-endpoint path="insertsobjecttestrecord.in" exchange-pattern="one-way" />
    </flow>
    

<!-- Config for User # 32 -->
	<sfdc:config name="config-user32" username="testuser32@mulesoft.test"
                 password="demo2" securityToken="mule!" />

	<!-- 1 -->
    <flow name="topicAllAccountsFlow32">
        <sfdc:subscribe-topic config-ref="config-user32" topic="/AllAccounts"/>
		<message-properties-transformer scope="outbound">
			<add-message-property key="receivedtime" value="#[function:now]" />
			<add-message-property key="sfdcuser" value="testuser32@mulesoft.test" />
			<add-message-property key="objecttype" value="account" />
			<add-message-property key="topic" value="allaccounts" />
		</message-properties-transformer>
		<vm:outbound-endpoint path="insertsobjecttestrecord.in" exchange-pattern="one-way" />
    </flow>
    

<!-- Config for User # 33 -->
	<sfdc:config name="config-user33" username="testuser33@mulesoft.test"
                 password="demo2" securityToken="mule!" />

	<!-- 1 -->
    <flow name="topicAllAccountsFlow33">
        <sfdc:subscribe-topic config-ref="config-user33" topic="/AllAccounts"/>
		<message-properties-transformer scope="outbound">
			<add-message-property key="receivedtime" value="#[function:now]" />
			<add-message-property key="sfdcuser" value="testuser33@mulesoft.test" />
			<add-message-property key="objecttype" value="account" />
			<add-message-property key="topic" value="allaccounts" />
		</message-properties-transformer>
		<vm:outbound-endpoint path="insertsobjecttestrecord.in" exchange-pattern="one-way" />
    </flow>
    

<!-- Config for User # 34 -->
	<sfdc:config name="config-user34" username="testuser34@mulesoft.test"
                 password="demo2" securityToken="mule!" />

	<!-- 1 -->
    <flow name="topicAllAccountsFlow34">
        <sfdc:subscribe-topic config-ref="config-user34" topic="/AllAccounts"/>
		<message-properties-transformer scope="outbound">
			<add-message-property key="receivedtime" value="#[function:now]" />
			<add-message-property key="sfdcuser" value="testuser34@mulesoft.test" />
			<add-message-property key="objecttype" value="account" />
			<add-message-property key="topic" value="allaccounts" />
		</message-properties-transformer>
		<vm:outbound-endpoint path="insertsobjecttestrecord.in" exchange-pattern="one-way" />
    </flow>
    

<!-- Config for User # 35 -->
	<sfdc:config name="config-user35" username="testuser35@mulesoft.test"
                 password="demo2" securityToken="mule!" />

	<!-- 1 -->
    <flow name="topicAllAccountsFlow35">
        <sfdc:subscribe-topic config-ref="config-user35" topic="/AllAccounts"/>
		<message-properties-transformer scope="outbound">
			<add-message-property key="receivedtime" value="#[function:now]" />
			<add-message-property key="sfdcuser" value="testuser35@mulesoft.test" />
			<add-message-property key="objecttype" value="account" />
			<add-message-property key="topic" value="allaccounts" />
		</message-properties-transformer>
		<vm:outbound-endpoint path="insertsobjecttestrecord.in" exchange-pattern="one-way" />
    </flow>
    

<!-- Config for User # 36 -->
	<sfdc:config name="config-user36" username="testuser36@mulesoft.test"
                 password="demo2" securityToken="mule!" />

	<!-- 1 -->
    <flow name="topicAllAccountsFlow36">
        <sfdc:subscribe-topic config-ref="config-user36" topic="/AllAccounts"/>
		<message-properties-transformer scope="outbound">
			<add-message-property key="receivedtime" value="#[function:now]" />
			<add-message-property key="sfdcuser" value="testuser36@mulesoft.test" />
			<add-message-property key="objecttype" value="account" />
			<add-message-property key="topic" value="allaccounts" />
		</message-properties-transformer>
		<vm:outbound-endpoint path="insertsobjecttestrecord.in" exchange-pattern="one-way" />
    </flow>
    

<!-- Config for User # 37 -->
	<sfdc:config name="config-user37" username="testuser37@mulesoft.test"
                 password="demo2" securityToken="mule!" />

	<!-- 1 -->
    <flow name="topicAllAccountsFlow37">
        <sfdc:subscribe-topic config-ref="config-user37" topic="/AllAccounts"/>
		<message-properties-transformer scope="outbound">
			<add-message-property key="receivedtime" value="#[function:now]" />
			<add-message-property key="sfdcuser" value="testuser37@mulesoft.test" />
			<add-message-property key="objecttype" value="account" />
			<add-message-property key="topic" value="allaccounts" />
		</message-properties-transformer>
		<vm:outbound-endpoint path="insertsobjecttestrecord.in" exchange-pattern="one-way" />
    </flow>
    

<!-- Config for User # 38 -->
	<sfdc:config name="config-user38" username="testuser38@mulesoft.test"
                 password="demo2" securityToken="mule!" />

	<!-- 1 -->
    <flow name="topicAllAccountsFlow38">
        <sfdc:subscribe-topic config-ref="config-user38" topic="/AllAccounts"/>
		<message-properties-transformer scope="outbound">
			<add-message-property key="receivedtime" value="#[function:now]" />
			<add-message-property key="sfdcuser" value="testuser38@mulesoft.test" />
			<add-message-property key="objecttype" value="account" />
			<add-message-property key="topic" value="allaccounts" />
		</message-properties-transformer>
		<vm:outbound-endpoint path="insertsobjecttestrecord.in" exchange-pattern="one-way" />
    </flow>
    

<!-- Config for User # 39 -->
	<sfdc:config name="config-user39" username="testuser39@mulesoft.test"
                 password="demo2" securityToken="mule!" />

	<!-- 1 -->
    <flow name="topicAllAccountsFlow39">
        <sfdc:subscribe-topic config-ref="config-user39" topic="/AllAccounts"/>
		<message-properties-transformer scope="outbound">
			<add-message-property key="receivedtime" value="#[function:now]" />
			<add-message-property key="sfdcuser" value="testuser39@mulesoft.test" />
			<add-message-property key="objecttype" value="account" />
			<add-message-property key="topic" value="allaccounts" />
		</message-properties-transformer>
		<vm:outbound-endpoint path="insertsobjecttestrecord.in" exchange-pattern="one-way" />
    </flow>
    

<!-- Config for User # 40 -->
	<sfdc:config name="config-user40" username="testuser40@mulesoft.test"
                 password="demo2" securityToken="mule!" />

	<!-- 1 -->
    <flow name="topicAllAccountsFlow40">
        <sfdc:subscribe-topic config-ref="config-user40" topic="/AllAccounts"/>
		<message-properties-transformer scope="outbound">
			<add-message-property key="receivedtime" value="#[function:now]" />
			<add-message-property key="sfdcuser" value="testuser40@mulesoft.test" />
			<add-message-property key="objecttype" value="account" />
			<add-message-property key="topic" value="allaccounts" />
		</message-properties-transformer>
		<vm:outbound-endpoint path="insertsobjecttestrecord.in" exchange-pattern="one-way" />
    </flow>
    

<!-- Config for User # 41 -->
	<sfdc:config name="config-user41" username="testuser41@mulesoft.test"
                 password="demo2" securityToken="mule!" />

	<!-- 1 -->
    <flow name="topicAllAccountsFlow41">
        <sfdc:subscribe-topic config-ref="config-user41" topic="/AllAccounts"/>
		<message-properties-transformer scope="outbound">
			<add-message-property key="receivedtime" value="#[function:now]" />
			<add-message-property key="sfdcuser" value="testuser41@mulesoft.test" />
			<add-message-property key="objecttype" value="account" />
			<add-message-property key="topic" value="allaccounts" />
		</message-properties-transformer>
		<vm:outbound-endpoint path="insertsobjecttestrecord.in" exchange-pattern="one-way" />
    </flow>
    

<!-- Config for User # 42 -->
	<sfdc:config name="config-user42" username="testuser42@mulesoft.test"
                 password="demo2" securityToken="mule!" />

	<!-- 1 -->
    <flow name="topicAllAccountsFlow42">
        <sfdc:subscribe-topic config-ref="config-user42" topic="/AllAccounts"/>
		<message-properties-transformer scope="outbound">
			<add-message-property key="receivedtime" value="#[function:now]" />
			<add-message-property key="sfdcuser" value="testuser42@mulesoft.test" />
			<add-message-property key="objecttype" value="account" />
			<add-message-property key="topic" value="allaccounts" />
		</message-properties-transformer>
		<vm:outbound-endpoint path="insertsobjecttestrecord.in" exchange-pattern="one-way" />
    </flow>
    

<!-- Config for User # 43 -->
	<sfdc:config name="config-user43" username="testuser43@mulesoft.test"
                 password="demo2" securityToken="mule!" />

	<!-- 1 -->
    <flow name="topicAllAccountsFlow43">
        <sfdc:subscribe-topic config-ref="config-user43" topic="/AllAccounts"/>
		<message-properties-transformer scope="outbound">
			<add-message-property key="receivedtime" value="#[function:now]" />
			<add-message-property key="sfdcuser" value="testuser43@mulesoft.test" />
			<add-message-property key="objecttype" value="account" />
			<add-message-property key="topic" value="allaccounts" />
		</message-properties-transformer>
		<vm:outbound-endpoint path="insertsobjecttestrecord.in" exchange-pattern="one-way" />
    </flow>
    

<!-- Config for User # 44 -->
	<sfdc:config name="config-user44" username="testuser44@mulesoft.test"
                 password="demo2" securityToken="mule!" />

	<!-- 1 -->
    <flow name="topicAllAccountsFlow44">
        <sfdc:subscribe-topic config-ref="config-user44" topic="/AllAccounts"/>
		<message-properties-transformer scope="outbound">
			<add-message-property key="receivedtime" value="#[function:now]" />
			<add-message-property key="sfdcuser" value="testuser44@mulesoft.test" />
			<add-message-property key="objecttype" value="account" />
			<add-message-property key="topic" value="allaccounts" />
		</message-properties-transformer>
		<vm:outbound-endpoint path="insertsobjecttestrecord.in" exchange-pattern="one-way" />
    </flow>
    

<!-- Config for User # 45 -->
	<sfdc:config name="config-user45" username="testuser45@mulesoft.test"
                 password="demo2" securityToken="mule!" />

	<!-- 1 -->
    <flow name="topicAllAccountsFlow45">
        <sfdc:subscribe-topic config-ref="config-user45" topic="/AllAccounts"/>
		<message-properties-transformer scope="outbound">
			<add-message-property key="receivedtime" value="#[function:now]" />
			<add-message-property key="sfdcuser" value="testuser45@mulesoft.test" />
			<add-message-property key="objecttype" value="account" />
			<add-message-property key="topic" value="allaccounts" />
		</message-properties-transformer>
		<vm:outbound-endpoint path="insertsobjecttestrecord.in" exchange-pattern="one-way" />
    </flow>
    

<!-- Config for User # 46 -->
	<sfdc:config name="config-user46" username="testuser46@mulesoft.test"
                 password="demo2" securityToken="mule!" />

	<!-- 1 -->
    <flow name="topicAllAccountsFlow46">
        <sfdc:subscribe-topic config-ref="config-user46" topic="/AllAccounts"/>
		<message-properties-transformer scope="outbound">
			<add-message-property key="receivedtime" value="#[function:now]" />
			<add-message-property key="sfdcuser" value="testuser46@mulesoft.test" />
			<add-message-property key="objecttype" value="account" />
			<add-message-property key="topic" value="allaccounts" />
		</message-properties-transformer>
		<vm:outbound-endpoint path="insertsobjecttestrecord.in" exchange-pattern="one-way" />
    </flow>
    

<!-- Config for User # 47 -->
	<sfdc:config name="config-user47" username="testuser47@mulesoft.test"
                 password="demo2" securityToken="mule!" />

	<!-- 1 -->
    <flow name="topicAllAccountsFlow47">
        <sfdc:subscribe-topic config-ref="config-user47" topic="/AllAccounts"/>
		<message-properties-transformer scope="outbound">
			<add-message-property key="receivedtime" value="#[function:now]" />
			<add-message-property key="sfdcuser" value="testuser47@mulesoft.test" />
			<add-message-property key="objecttype" value="account" />
			<add-message-property key="topic" value="allaccounts" />
		</message-properties-transformer>
		<vm:outbound-endpoint path="insertsobjecttestrecord.in" exchange-pattern="one-way" />
    </flow>
    

<!-- Config for User # 48 -->
	<sfdc:config name="config-user48" username="testuser48@mulesoft.test"
                 password="demo2" securityToken="mule!" />

	<!-- 1 -->
    <flow name="topicAllAccountsFlow48">
        <sfdc:subscribe-topic config-ref="config-user48" topic="/AllAccounts"/>
		<message-properties-transformer scope="outbound">
			<add-message-property key="receivedtime" value="#[function:now]" />
			<add-message-property key="sfdcuser" value="testuser48@mulesoft.test" />
			<add-message-property key="objecttype" value="account" />
			<add-message-property key="topic" value="allaccounts" />
		</message-properties-transformer>
		<vm:outbound-endpoint path="insertsobjecttestrecord.in" exchange-pattern="one-way" />
    </flow>
    

<!-- Config for User # 49 -->
	<sfdc:config name="config-user49" username="testuser49@mulesoft.test"
                 password="demo2" securityToken="mule!" />

	<!-- 1 -->
    <flow name="topicAllAccountsFlow49">
        <sfdc:subscribe-topic config-ref="config-user49" topic="/AllAccounts"/>
		<message-properties-transformer scope="outbound">
			<add-message-property key="receivedtime" value="#[function:now]" />
			<add-message-property key="sfdcuser" value="testuser49@mulesoft.test" />
			<add-message-property key="objecttype" value="account" />
			<add-message-property key="topic" value="allaccounts" />
		</message-properties-transformer>
		<vm:outbound-endpoint path="insertsobjecttestrecord.in" exchange-pattern="one-way" />
    </flow>
    

<!-- Config for User # 50 -->
	<sfdc:config name="config-user50" username="testuser50@mulesoft.test"
                 password="demo2" securityToken="mule!" />

	<!-- 1 -->
    <flow name="topicAllAccountsFlow50">
        <sfdc:subscribe-topic config-ref="config-user50" topic="/AllAccounts"/>
		<message-properties-transformer scope="outbound">
			<add-message-property key="receivedtime" value="#[function:now]" />
			<add-message-property key="sfdcuser" value="testuser50@mulesoft.test" />
			<add-message-property key="objecttype" value="account" />
			<add-message-property key="topic" value="allaccounts" />
		</message-properties-transformer>
		<vm:outbound-endpoint path="insertsobjecttestrecord.in" exchange-pattern="one-way" />
    </flow>
    

	
</mule>
